Country,1980,1981,1982,1983,1984,1985,1986,1987,1988,1989,1990,1991,1992,1993,1994,1995,1996,1997,1998,1999,2000,2001,2002,2003,2004,2005,2006,2007,2008,2009,2010,2011,2012,2013,2014,2015,2016,2017,2018,2019,2020,2021,2022,2023,2024,2025,2026,2027,2028
Albania,.043,.044,.046,.045,.044,.042,.043,.041,.039,.041,.035,.025,.021,.022,.024,.025,.026,.022,.024,.026,.026,.028,.028,.029,.029,.029,.029,.029,.031,.032,.031,.031,.03,.029,.03,.03,.03,.031,.031,.031,.031,.031,.032,.032,.032,.032,.032,.032,.033
Algeria,.67,.675,.716,.737,.745,.76,.733,.702,.659,.666,.645,.622,.569,.547,.526,.527,.527,.512,.524,.523,.518,.521,.535,.551,.546,.552,.533,.523,.52,.531,.522,.517,.493,.471,.461,.426,.405,.39,.381,.375,.367,.357,.357,.36,.361,.358,.354,.349,.345
Andorra,,,,,,,,,,,,,,,,,,,,,.004,.005,.005,.005,.005,.005,.005,.005,.004,.004,.004,.004,.004,.003,.003,.003,.004,.003,.003,.003,.003,.003,.003,.003,.003,.003,.003,.003,.003
Angola,.081,.076,.076,.077,.078,.078,.078,.078,.079,.077,.071,.078,.078,.085,.091,.097,.104,.107,.109,.108,.106,.108,.119,.118,.124,.137,.145,.157,.169,.171,.171,.17,.185,.189,.201,.183,.176,.178,.169,.164,.159,.152,.151,.149,.149,.15,.15,.151,.152
Antigua and Barbuda,.002,.002,.002,.002,.002,.002,.003,.003,.003,.003,.003,.003,.002,.002,.003,.002,.002,.002,.002,.002,.003,.002,.002,.002,.002,.002,.003,.003,.003,.002,.002,.002,.002,.002,.002,.002,.002,.002,.002,.002,.001,.001,.001,.001,.002,.002,.002,.002,.002
Argentina,1.287,1.188,1.146,1.161,1.135,1.019,1.056,1.043,.979,.878,.833,.898,.892,.93,.956,.896,.911,.947,.957,.893,.846,.789,.684,.717,.741,.77,.791,.818,.826,.781,.816,.832,.813,.803,.765,.774,.761,.849,.798,.761,.707,.737,.748,.709,.708,.709,.707,.705,.701
Armenia,,,,,,,,,,,,,.017,.014,.015,.015,.015,.015,.016,.016,.016,.017,.019,.021,.022,.024,.026,.028,.029,.025,.024,.024,.027,.027,.027,.026,.027,.029,.03,.031,.03,.03,.032,.033,.034,.035,.035,.036,.036
Aruba,,,,,,,.004,.004,.005,.005,.005,.005,.005,.005,.005,.005,.005,.005,.005,.005,.005,.006,.005,.005,.005,.005,.005,.005,.005,.004,.004,.004,.004,.004,.003,.003,.003,.003,.003,.003,.002,.003,.003,.003,.003,.003,.003,.003,.003
Australia,1.16,1.182,1.178,1.146,1.167,1.188,1.177,1.19,1.187,1.198,1.169,1.13,1.044,1.064,1.084,1.077,1.079,1.085,1.105,1.114,1.096,1.099,1.113,1.102,1.09,1.072,1.045,1.035,1.031,1.055,1.026,1.014,.975,1.025,1.012,.992,1.007,1.004,.997,.989,1.001,.991,.994,.984,.968,.956,.947,.94,.933
Austria,.632,.618,.627,.63,.605,.598,.591,.579,.56,.561,.563,.568,.522,.515,.512,.508,.501,.491,.495,.496,.489,.483,.478,.464,.453,.442,.434,.427,.421,.407,.393,.389,.388,.384,.38,.385,.396,.391,.387,.383,.369,.363,.368,.358,.351,.346,.342,.337,.331
Azerbaijan,,,,,,,,,,,,,.098,.074,.058,.048,.048,.05,.052,.056,.056,.058,.062,.066,.068,.083,.106,.125,.135,.148,.147,.142,.147,.153,.152,.129,.121,.114,.111,.111,.11,.109,.11,.11,.11,.109,.108,.108,.107
Bahamas,.02,.019,.02,.021,.02,.021,.02,.02,.02,.02,.019,.018,.015,.015,.015,.015,.015,.016,.016,.016,.016,.016,.016,.015,.015,.015,.014,.014,.013,.013,.012,.012,.012,.011,.011,.011,.011,.011,.011,.011,.008,.009,.01,.01,.01,.01,.01,.01,.01
Bahrain,.055,.055,.058,.061,.061,.058,.057,.054,.055,.053,.053,.053,.051,.054,.054,.053,.053,.052,.053,.054,.055,.055,.056,.057,.058,.059,.06,.061,.063,.065,.064,.063,.065,.064,.062,.056,.055,.058,.057,.057,.056,.054,.055,.055,.055,.055,.055,.055,.055
Bangladesh,.376,.389,.4,.409,.408,.408,.411,.407,.399,.401,.404,.411,.388,.397,.403,.407,.41,.413,.422,.428,.43,.438,.444,.448,.451,.459,.466,.471,.483,.511,.514,.527,.563,.577,.604,.637,.664,.681,.708,.728,.789,.795,.82,.845,.88,.914,.948,.983,1.019
Barbados,.011,.011,.01,.01,.01,.01,.01,.01,.01,.01,.009,.008,.007,.007,.007,.007,.007,.007,.007,.007,.007,.007,.006,.006,.006,.006,.006,.006,.006,.005,.005,.005,.004,.004,.004,.004,.004,.004,.004,.003,.003,.003,.003,.003,.003,.003,.003,.003,.003
Belarus,,,,,,,,,,,,,.152,.138,.118,.101,.1,.108,.114,.113,.114,.117,.12,.123,.13,.136,.142,.147,.157,.158,.162,.164,.17,.17,.164,.153,.145,.142,.141,.139,.143,.137,.128,.127,.125,.121,.119,.116,.113
Belgium,.792,.773,.775,.759,.745,.731,.72,.71,.711,.71,.704,.7,.64,.621,.623,.616,.601,.599,.595,.595,.589,.582,.575,.559,.55,.537,.523,.515,.502,.494,.482,.472,.466,.461,.459,.465,.473,.47,.462,.46,.449,.449,.449,.44,.432,.423,.415,.408,.401
Belize,.002,.002,.002,.002,.002,.002,.002,.002,.003,.003,.003,.003,.003,.003,.003,.003,.003,.003,.003,.003,.004,.004,.004,.004,.004,.004,.004,.004,.004,.004,.003,.003,.003,.003,.003,.003,.003,.003,.003,.003,.002,.003,.003,.003,.003,.003,.003,.003,.003
Benin,.027,.027,.027,.026,.025,.025,.025,.023,.023,.022,.023,.023,.022,.022,.022,.023,.023,.023,.023,.024,.024,.025,.025,.025,.025,.024,.024,.024,.024,.025,.024,.024,.024,.025,.027,.027,.028,.028,.029,.03,.032,.032,.033,.034,.035,.036,.037,.038,.039
Bhutan,.001,.002,.002,.002,.002,.002,.002,.002,.003,.003,.003,.003,.003,.003,.003,.003,.003,.003,.003,.003,.003,.003,.003,.003,.004,.004,.004,.004,.004,.004,.005,.005,.005,.005,.005,.006,.006,.006,.006,.007,.007,.006,.006,.006,.006,.006,.007,.007,.007
Bolivia,.08,.078,.075,.07,.067,.064,.06,.059,.058,.058,.059,.06,.055,.057,.057,.058,.058,.059,.06,.058,.057,.057,.057,.056,.055,.055,.055,.054,.056,.058,.058,.058,.061,.066,.069,.069,.071,.077,.077,.077,.073,.072,.073,.072,.071,.07,.07,.069,.069
Bosnia and Herzegovina,,,,,,,,,,,,,,,,,.028,.033,.036,.039,.039,.039,.04,.04,.04,.04,.04,.04,.041,.041,.039,.038,.037,.037,.036,.037,.039,.038,.038,.039,.039,.039,.039,.039,.039,.039,.039,.039,.039
Botswana,.016,.017,.019,.021,.021,.022,.023,.025,.03,.03,.032,.033,.03,.03,.029,.03,.03,.031,.03,.031,.031,.031,.032,.033,.031,.031,.032,.032,.032,.027,.029,.03,.027,.027,.03,.028,.031,.029,.029,.029,.027,.029,.029,.03,.03,.03,.031,.031,.031
Brazil,4.257,3.983,3.993,3.768,3.8,3.959,4.117,4.11,3.943,3.925,3.616,3.567,3.196,3.282,3.358,3.384,3.331,3.31,3.232,3.139,3.127,3.095,3.103,3.016,3.031,2.986,2.949,2.968,3.029,3.038,3.101,3.101,2.973,2.962,2.904,2.692,2.527,2.465,2.423,2.387,2.38,2.352,2.342,2.346,2.314,2.286,2.257,2.233,2.211
Brunei Darussalam,,,,,,.063,.059,.058,.056,.054,.052,.053,.05,.049,.049,.049,.049,.046,.045,.045,.044,.044,.044,.044,.042,.04,.04,.038,.036,.035,.035,.034,.035,.032,.03,.023,.02,.021,.02,.021,.022,.02,.019,.018,.018,.018,.018,.018,.018
Bulgaria,.308,.317,.329,.331,.332,.326,.332,.335,.328,.315,.275,.24,.198,.172,.161,.152,.154,.127,.129,.114,.114,.115,.119,.12,.122,.124,.126,.128,.131,.128,.123,.121,.118,.114,.116,.118,.123,.124,.123,.125,.124,.125,.125,.124,.124,.124,.124,.123,.123
Burkina Faso,.019,.019,.019,.019,.018,.02,.02,.02,.02,.02,.019,.02,.018,.018,.018,.018,.02,.02,.021,.022,.021,.022,.022,.023,.023,.024,.024,.024,.024,.025,.026,.027,.027,.027,.027,.028,.03,.032,.033,.034,.036,.036,.035,.036,.037,.038,.039,.04,.041
Burundi,.01,.011,.01,.011,.01,.011,.011,.011,.011,.011,.011,.011,.01,.009,.009,.008,.007,.007,.007,.007,.006,.006,.006,.006,.006,.006,.006,.006,.006,.006,.006,.006,.006,.007,.007,.008,.007,.007,.007,.007,.007,.007,.007,.007,.007,.007,.007,.007,.008
Cabo Verde,.002,.002,.002,.002,.002,.002,.002,.002,.002,.002,.002,.002,.002,.002,.002,.002,.002,.002,.002,.003,.003,.003,.003,.003,.003,.003,.003,.003,.004,.004,.003,.003,.003,.003,.003,.003,.003,.003,.003,.003,.003,.003,.003,.003,.003,.003,.003,.003,.004
Cambodia,,,,,,,,.019,.02,.02,.02,.021,.02,.02,.021,.022,.022,.022,.023,.025,.026,.027,.028,.029,.031,.033,.035,.037,.038,.038,.038,.04,.042,.043,.044,.047,.05,.051,.053,.056,.055,.054,.055,.056,.058,.06,.062,.064,.066
Cameroon,.083,.095,.102,.106,.109,.114,.118,.111,.098,.093,.084,.079,.069,.065,.062,.062,.062,.063,.064,.065,.064,.064,.066,.066,.067,.065,.064,.063,.063,.065,.063,.063,.063,.065,.068,.071,.073,.074,.074,.074,.077,.075,.075,.076,.077,.078,.079,.08,.081
Canada,2.154,2.182,2.105,2.11,2.14,2.165,2.138,2.144,2.142,2.114,2.036,1.946,1.768,1.78,1.807,1.791,1.753,1.757,1.776,1.806,1.812,1.801,1.805,1.766,1.729,1.704,1.661,1.609,1.578,1.539,1.506,1.494,1.456,1.469,1.478,1.424,1.443,1.451,1.44,1.428,1.398,1.381,1.383,1.361,1.344,1.334,1.316,1.297,1.28
Central African Republic,.008,.008,.008,.007,.008,.008,.008,.008,.007,.008,.007,.007,.006,.006,.006,.006,.006,.006,.006,.006,.005,.005,.005,.005,.005,.005,.005,.005,.005,.005,.005,.005,.005,.003,.003,.003,.003,.003,.003,.003,.004,.003,.003,.003,.003,.003,.003,.003,.003
Chad,.014,.012,.013,.014,.014,.015,.015,.015,.016,.016,.015,.017,.015,.015,.015,.015,.014,.014,.015,.014,.014,.015,.016,.017,.022,.023,.022,.021,.021,.022,.024,.023,.022,.02,.021,.023,.021,.02,.019,.02,.02,.018,.018,.019,.019,.019,.019,.019,.019
Chile,.289,.3,.259,.245,.249,.245,.25,.257,.264,.281,.281,.295,.296,.309,.315,.331,.335,.346,.351,.338,.339,.341,.342,.345,.349,.353,.355,.355,.358,.355,.357,.365,.371,.371,.367,.362,.354,.356,.357,.351,.339,.357,.354,.342,.338,.335,.332,.33,.328
China,2.259,2.324,2.524,2.732,3.014,3.303,3.478,3.744,3.983,4.004,3.999,4.255,4.378,4.891,5.371,5.751,6.088,6.392,6.709,6.984,7.229,7.646,8.115,8.581,8.977,9.547,1.221,11.079,11.792,12.961,13.61,14.34,15.008,15.385,15.674,15.964,16.079,16.178,16.677,17.199,18.131,18.505,18.443,18.821,19.05,19.225,19.392,19.496,19.56
Colombia,.587,.588,.591,.587,.581,.578,.592,.601,.598,.597,.598,.598,.562,.583,.595,.604,.594,.59,.578,.535,.525,.522,.52,.519,.52,.518,.525,.532,.534,.542,.538,.553,.549,.559,.57,.563,.578,.572,.566,.569,.544,.568,.59,.581,.576,.575,.576,.577,.579
Comoros,.002,.002,.003,.003,.003,.003,.003,.002,.003,.002,.002,.002,.002,.002,.002,.002,.002,.002,.002,.002,.002,.002,.002,.002,.002,.002,.002,.002,.002,.002,.002,.002,.002,.002,.002,.002,.002,.002,.002,.002,.002,.002,.002,.002,.002,.002,.002,.002,.002
DR of Congo,.144,.142,.141,.139,.14,.136,.137,.136,.131,.125,.112,.1,.081,.068,.062,.062,.058,.052,.048,.045,.039,.038,.038,.039,.04,.042,.041,.043,.045,.045,.046,.048,.047,.054,.061,.065,.068,.073,.074,.075,.079,.079,.083,.086,.088,.09,.091,.094,.096
Republic of Congo,.023,.023,.023,.023,.023,.023,.022,.022,.026,.03,.029,.03,.028,.028,.026,.027,.026,.025,.027,.025,.026,.025,.024,.023,.022,.023,.024,.021,.022,.024,.025,.025,.028,.027,.026,.02,.018,.019,.018,.018,.017,.016,.016,.016,.016,.016,.016,.016,.017
Costa Rica,.061,.058,.054,.054,.056,.055,.056,.056,.056,.057,.057,.056,.056,.058,.059,.06,.058,.059,.061,.062,.061,.062,.062,.062,.062,.062,.063,.064,.066,.065,.065,.066,.067,.067,.07,.074,.078,.08,.079,.079,.078,.079,.08,.081,.081,.081,.081,.081,.081
Croatia,,,,,,,,,,,,,.117,.106,.109,.112,.114,.117,.116,.111,.11,.111,.114,.116,.115,.114,.114,.113,.112,.105,.098,.094,.091,.089,.086,.088,.091,.092,.091,.091,.086,.092,.094,.094,.094,.094,.093,.093,.093
Cyprus,.022,.023,.024,.025,.026,.026,.026,.027,.028,.029,.03,.03,.029,.029,.03,.031,.031,.03,.031,.032,.032,.032,.033,.032,.032,.032,.032,.032,.032,.032,.031,.03,.027,.025,.023,.024,.026,.027,.028,.028,.028,.028,.029,.028,.028,.028,.028,.028,.028
Czech Republic,,,,,,,,,,,,,,,,.378,.381,.364,.353,.346,.343,.345,.341,.34,.338,.344,.349,.35,.349,.334,.325,.318,.305,.306,.312,.319,.328,.337,.336,.337,.328,.32,.317,.309,.307,.306,.305,.303,.301
Côte d'Ivoire,.154,.156,.156,.149,.139,.139,.141,.135,.131,.13,.124,.121,.109,.106,.103,.105,.11,.112,.114,.112,.105,.102,.098,.093,.089,.087,.083,.081,.08,.083,.081,.074,.078,.082,.089,.096,.098,.098,.099,.103,.108,.109,.112,.116,.12,.124,.128,.131,.135
Denmark,.454,.441,.456,.457,.456,.458,.464,.448,.429,.417,.406,.402,.369,.362,.371,.368,.365,.362,.36,.359,.355,.35,.342,.33,.322,.314,.31,.297,.287,.274,.265,.258,.248,.248,.246,.249,.256,.261,.257,.254,.256,.257,.256,.253,.249,.244,.24,.236,.232
Djibouti,,,,,,,,,,,,.006,.005,.005,.004,.004,.004,.004,.004,.004,.003,.003,.003,.003,.003,.003,.003,.003,.003,.003,.003,.003,.003,.003,.004,.004,.004,.004,.004,.004,.004,.004,.004,.004,.004,.004,.004,.004,.005
Dominica,.001,.001,.001,.001,.001,.001,.001,.001,.001,.001,.001,.001,.001,.001,.001,.001,.001,.001,.001,.001,.001,.001,.001,.001,.001,.001,.001,.001,.001,.001,.001,.001,.001,.001,.001,.001,.001,.001,.001,.001,.001,.001,.001,.001,.001,.001,.001,.001,.001
Dominican Republic,.102,.105,.106,.108,.105,.099,.099,.105,.103,.104,.094,.093,.093,.098,.098,.1,.102,.106,.111,.113,.113,.113,.115,.109,.106,.111,.115,.117,.118,.119,.123,.122,.117,.119,.125,.135,.144,.144,.148,.152,.146,.154,.156,.157,.16,.163,.166,.169,.172
Ecuador,.194,.198,.199,.189,.189,.19,.19,.172,.182,.176,.174,.179,.167,.167,.169,.167,.163,.164,.165,.152,.146,.148,.15,.148,.153,.153,.152,.147,.152,.154,.151,.157,.158,.166,.17,.16,.156,.159,.156,.152,.144,.141,.141,.139,.137,.136,.134,.134,.134
Egypt,.661,.661,.706,.751,.777,.806,.817,.821,.817,.811,.798,.796,.719,.725,.734,.74,.748,.761,.797,.817,.822,.83,.834,.827,.818,.816,.828,.841,.875,.92,.918,.899,1.004,.987,.945,1.002,.961,.914,.929,.955,1.02,.991,1.023,1.035,1.042,1.061,1.084,1.113,1.144
El Salvador,.075,.07,.065,.064,.063,.061,.059,.058,.057,.055,.056,.055,.053,.055,.056,.057,.055,.055,.054,.054,.052,.051,.051,.049,.047,.046,.046,.044,.044,.043,.042,.042,.04,.041,.041,.043,.044,.044,.044,.043,.041,.043,.043,.043,.042,.042,.041,.041,.04
Equatorial Guinea,.001,.001,.001,.001,.001,.001,.001,.001,.001,.001,.001,.001,.001,.001,.001,.001,.002,.004,.005,.006,.012,.019,.022,.024,.03,.031,.031,.034,.039,.04,.034,.035,.038,.035,.034,.025,.021,.023,.021,.019,.019,.018,.018,.016,.015,.014,.013,.012,.012
Eritrea,,,,,,,,,,,,,.005,.006,.007,.007,.007,.007,.007,.007,.006,.006,.006,.006,.005,.005,.005,.005,.004,.004,.005,.005,.005,.005,.006,.005,.005,.004,.005,.005,,,,,,,,,
Estonia,,,,,,,,,,,,,,.032,.031,.03,.031,.033,.034,.033,.034,.035,.037,.038,.039,.04,.042,.043,.04,.034,.033,.034,.034,.034,.035,.034,.035,.036,.037,.037,.038,.038,.037,.035,.035,.035,.034,.034,.034
Eswatini,.008,.008,.008,.008,.008,.007,.009,.009,.009,.01,.01,.01,.01,.01,.01,.01,.01,.01,.01,.01,.009,.009,.009,.009,.009,.009,.009,.009,.009,.009,.009,.009,.009,.009,.009,.009,.008,.008,.008,.008,.008,.008,.008,.008,.008,.008,.008,.008,.008
Ethiopia,.078,.077,.077,.081,.076,.065,.069,.076,.073,.07,.069,.062,.051,.057,.057,.059,.064,.063,.059,.061,.064,.067,.066,.062,.066,.071,.075,.08,.086,.095,.1,.107,.112,.116,.135,.149,.167,.176,.183,.194,.212,.212,.218,.225,.232,.24,.248,.256,.266
Fiji,.013,.013,.013,.012,.013,.012,.012,.011,.011,.012,.012,.012,.011,.011,.011,.011,.011,.011,.011,.011,.01,.01,.01,.01,.01,.009,.009,.009,.008,.008,.008,.008,.008,.008,.009,.01,.009,.01,.01,.009,.008,.007,.008,.009,.009,.009,.009,.009,.009
Finland,.34,.337,.346,.349,.345,.345,.342,.341,.344,.348,.336,.308,.269,.262,.264,.266,.265,.271,.278,.281,.283,.284,.281,.275,.272,.267,.264,.264,.258,.238,.233,.23,.219,.213,.208,.208,.212,.214,.209,.206,.207,.201,.198,.192,.189,.185,.182,.18,.177
France,4.315,4.268,4.357,4.31,4.193,4.118,4.072,4.025,4.028,4.062,4.018,3.966,3.623,3.53,3.513,3.464,3.381,3.326,3.353,3.348,3.327,3.311,3.259,3.158,3.076,2.989,2.914,2.831,2.753,2.688,2.598,2.554,2.453,2.466,2.426,2.428,2.462,2.447,2.406,2.386,2.272,2.274,2.256,2.213,2.18,2.151,2.12,2.087,2.055
Gabon,.049,.046,.048,.048,.048,.049,.047,.038,.038,.042,.042,.044,.038,.039,.039,.04,.04,.04,.041,.036,.034,.034,.033,.032,.031,.029,.027,.027,.027,.026,.027,.028,.027,.026,.026,.026,.025,.025,.025,.025,.025,.024,.024,.024,.024,.024,.024,.024,.024
Gambia,.005,.005,.006,.006,.006,.006,.006,.006,.005,.005,.006,.006,.005,.005,.005,.005,.005,.005,.005,.005,.005,.005,.005,.005,.005,.005,.004,.004,.004,.005,.005,.004,.004,.004,.004,.004,.004,.004,.004,.004,.004,.004,.004,.004,.004,.005,.005,.005,.005
Georgia,,,,,,,,,,,,,.038,.026,.023,.023,.024,.026,.026,.026,.025,.026,.026,.028,.028,.029,.031,.033,.033,.031,.032,.033,.036,.037,.039,.04,.041,.041,.042,.043,.041,.043,.046,.047,.048,.049,.05,.051,.052
Germany,6.382,6.253,6.182,6.133,6.04,5.96,5.902,5.77,5.727,5.742,5.835,5.982,5.49,5.333,5.305,5.197,5.047,4.937,4.901,4.828,4.741,4.707,4.569,4.361,4.192,4.031,3.975,3.884,3.808,3.607,3.567,3.565,3.457,3.43,3.469,3.473,3.581,3.602,3.513,3.456,3.427,3.327,3.278,3.168,3.107,3.072,3.033,2.979,2.918
Ghana,.096,.09,.083,.076,.079,.081,.084,.086,.088,.088,.088,.09,.085,.087,.087,.088,.089,.09,.092,.093,.092,.093,.095,.096,.096,.097,.098,.097,.102,.109,.111,.122,.132,.133,.138,.129,.122,.122,.125,.129,.134,.133,.132,.13,.13,.131,.134,.136,.139
Greece,.628,.605,.596,.576,.563,.557,.542,.51,.509,.51,.49,.493,.447,.432,.428,.421,.417,.419,.424,.422,.419,.426,.43,.438,.437,.42,.421,.413,.399,.384,.344,.298,.273,.269,.264,.259,.255,.251,.246,.244,.229,.234,.24,.239,.236,.232,.228,.224,.22
Grenada,.001,.001,.001,.001,.001,.002,.002,.002,.002,.002,.002,.002,.001,.001,.001,.001,.001,.001,.001,.002,.002,.001,.001,.002,.001,.002,.001,.001,.001,.001,.001,.001,.001,.001,.001,.001,.001,.001,.001,.001,.001,.001,.001,.001,.001,.001,.001,.001,.001
Guatemala,.143,.141,.136,.129,.124,.119,.115,.115,.115,.115,.114,.114,.108,.109,.11,.111,.11,.11,.112,.112,.109,.11,.111,.11,.108,.106,.106,.107,.107,.108,.106,.106,.106,.106,.108,.114,.112,.109,.109,.111,.112,.114,.115,.115,.116,.116,.117,.118,.119
Guinea,.02,.02,.02,.02,.02,.02,.02,.02,.02,.02,.02,.02,.019,.019,.02,.02,.02,.02,.02,.02,.02,.02,.021,.02,.02,.019,.019,.019,.019,.019,.019,.019,.018,.019,.018,.019,.021,.024,.024,.025,.027,.027,.027,.028,.029,.029,.03,.031,.031
Guinea-Bissau,.003,.003,.003,.003,.003,.003,.003,.003,.003,.003,.003,.003,.003,.003,.003,.003,.003,.003,.002,.003,.002,.003,.003,.002,.002,.002,.002,.002,.002,.002,.002,.002,.002,.002,.002,.003,.003,.003,.003,.003,.003,.003,.003,.003,.003,.004,.004,.004,.004
Guyana,.014,.014,.013,.011,.011,.01,.01,.01,.009,.008,.007,.008,.007,.008,.008,.008,.009,.009,.009,.008,.008,.008,.008,.007,.007,.007,.007,.007,.007,.007,.007,.007,.008,.008,.008,.008,.007,.008,.008,.008,.012,.013,.021,.028,.034,.039,.046,.054,.06
Haiti,.075,.074,.072,.069,.066,.064,.062,.06,.058,.055,.053,.052,.046,.043,.037,.039,.039,.038,.038,.038,.037,.036,.035,.035,.033,.032,.031,.031,.031,.033,.029,.03,.028,.029,.029,.028,.029,.028,.028,.027,.026,.024,.023,.022,.022,.022,.021,.021,.021
Honduras,.038,.037,.036,.035,.036,.037,.037,.038,.037,.037,.037,.035,.033,.035,.034,.034,.034,.034,.034,.033,.034,.034,.034,.034,.035,.035,.035,.036,.036,.035,.035,.035,.035,.034,.036,.039,.041,.043,.043,.043,.04,.043,.043,.043,.043,.043,.043,.044,.044
Hong Kong SAR,.269,.288,.295,.305,.322,.313,.336,.367,.381,.376,.376,.388,.371,.386,.398,.393,.395,.399,.365,.362,.372,.365,.361,.358,.369,.379,.385,.389,.386,.378,.383,.386,.37,.364,.361,.367,.361,.361,.359,.343,.331,.331,.31,.314,.314,.313,.312,.31,.308
Hungary,.506,.509,.522,.513,.505,.486,.477,.478,.457,.445,.412,.355,.31,.302,.302,.299,.288,.286,.289,.288,.287,.291,.297,.297,.296,.295,.291,.277,.272,.255,.245,.24,.229,.23,.231,.236,.236,.239,.243,.248,.244,.246,.249,.241,.242,.242,.243,.243,.244
Iceland,.019,.019,.019,.018,.018,.018,.019,.02,.019,.018,.018,.017,.015,.015,.015,.014,.015,.015,.015,.016,.016,.016,.015,.015,.016,.016,.016,.016,.016,.015,.014,.014,.013,.014,.014,.015,.015,.016,.016,.016,.015,.015,.015,.015,.015,.015,.015,.015,.015
India,2.775,2.879,2.968,3.111,3.094,3.144,3.185,3.191,3.347,3.421,3.471,3.424,3.252,3.342,3.463,3.594,3.723,3.723,3.847,4.034,4.002,4.101,4.145,4.3,4.406,4.597,4.771,4.971,5.015,5.464,5.719,5.866,6.101,6.123,6.179,6.392,6.65,6.758,6.947,7.024,6.82,6.999,7.264,7.506,7.753,7.99,8.233,8.492,8.758
Indonesia,1.416,1.491,1.519,1.546,1.593,1.598,1.656,1.701,1.741,1.832,1.92,2.042,1.958,2.074,2.166,2.262,2.349,2.364,1.998,1.947,1.951,1.974,2.007,2.021,2.016,2.035,2.039,2.057,2.147,2.257,2.279,2.328,2.393,2.396,2.39,2.364,2.36,2.363,2.4,2.453,2.477,2.418,2.464,2.514,2.563,2.608,2.653,2.7,2.751
Iran,1.686,1.556,1.91,2.073,1.843,1.813,1.582,1.521,1.367,1.4,1.529,1.682,1.564,1.512,1.444,1.427,1.461,1.424,1.414,1.394,1.408,1.408,1.48,1.546,1.532,1.509,1.505,1.545,1.504,1.526,1.532,1.513,1.285,1.182,1.144,1.01,1.05,1.046,.992,.936,.997,.982,.987,.987,.983,.972,.961,.951,.941
Iraq,,,,,,,,,,,,,,,,,,,.176,.212,.194,.177,.159,.277,.404,.392,.393,.38,.4,.415,.419,.434,.479,.487,.447,.33,.298,.331,.335,.343,.311,.298,.308,.291,.291,.294,.295,.295,.296
Ireland,.188,.189,.191,.185,.183,.18,.175,.175,.172,.176,.182,.18,.168,.169,.174,.184,.193,.205,.217,.232,.242,.249,.257,.254,.258,.26,.26,.259,.241,.229,.221,.216,.211,.209,.217,.291,.292,.308,.323,.331,.364,.394,.417,.414,.415,.415,.413,.412,.41
Israel,.212,.217,.219,.22,.215,.217,.217,.225,.223,.218,.224,.228,.22,.224,.233,.247,.252,.251,.254,.254,.264,.258,.251,.245,.243,.242,.243,.244,.245,.248,.249,.253,.254,.265,.26,.268,.28,.28,.282,.285,.289,.298,.307,.307,.308,.308,.309,.311,.314
Italy,4.584,4.512,4.503,4.439,4.38,4.34,4.31,4.28,4.261,4.244,4.161,4.121,3.737,3.635,3.605,3.571,3.483,3.409,3.378,3.318,3.286,3.271,3.19,3.07,2.959,2.848,2.753,2.651,2.55,2.426,2.342,2.269,2.154,2.068,2.005,2.001,2.081,2.065,2.013,1.969,1.848,1.86,1.867,1.827,1.787,1.75,1.715,1.68,1.645
Jamaica,.046,.047,.048,.049,.047,.045,.047,.049,.045,.045,.046,.045,.041,.042,.041,.041,.039,.037,.036,.035,.034,.033,.032,.032,.031,.03,.029,.028,.027,.026,.025,.024,.023,.023,.022,.023,.023,.023,.023,.022,.021,.02,.021,.02,.02,.02,.02,.019,.019
Japan,7.97,8.129,8.368,8.463,8.47,8.607,8.598,8.677,8.865,8.969,9.043,9.131,8.29,8.091,7.929,7.852,7.799,7.57,7.272,7.007,6.871,6.735,6.554,6.396,6.209,6.035,5.811,5.595,5.368,5.084,5.024,4.833,4.759,4.746,4.588,4.643,4.436,4.285,4.165,4.038,3.986,3.835,3.75,3.716,3.648,3.559,3.466,3.376,3.29
Jordan,.064,.072,.076,.075,.076,.072,.074,.073,.072,.062,.059,.054,.057,.058,.059,.061,.06,.059,.06,.06,.059,.061,.063,.063,.065,.067,.069,.071,.074,.078,.076,.075,.074,.075,.075,.078,.078,.08,.079,.078,.079,.076,.076,.076,.075,.075,.075,.075,.075
Kazakhstan,,,,,,,,,,,,,.361,.321,.273,.242,.234,.229,.218,.217,.227,.252,.269,.282,.294,.308,.324,.334,.336,.341,.347,.359,.367,.395,.39,.364,.364,.366,.368,.374,.376,.368,.368,.374,.379,.384,.379,.379,.379
Kenya,.131,.133,.14,.139,.135,.136,.14,.143,.145,.146,.147,.145,.129,.127,.126,.127,.128,.123,.123,.122,.117,.119,.116,.115,.114,.115,.116,.117,.114,.118,.121,.123,.124,.133,.143,.157,.166,.172,.176,.18,.185,.187,.19,.194,.198,.203,.207,.211,.216
Kiribati,0,0,0,0,0,0,0,0,0,0,0,0,0,0,0,0,0,0,0,0,0,0,0,0,0,0,0,0,0,0,0,0,0,0,0,0,0,0,0,0,0,0,0,0,0,0,0,0,0
Korea,.617,.648,.699,.774,.82,.854,.919,.998,1.07,1.105,1.167,1.262,1.207,1.265,1.343,1.421,1.476,1.507,1.391,1.499,1.56,1.597,1.673,1.659,1.658,1.651,1.651,1.657,1.658,1.678,1.701,1.697,1.67,1.632,1.634,1.727,1.742,1.719,1.709,1.701,1.741,1.709,1.697,1.673,1.662,1.647,1.632,1.617,1.603
Kosovo,,,,,,,,,,,,,,,,,,,,,.015,.015,.014,.014,.014,.014,.013,.014,.014,.014,.014,.015,.014,.014,.014,.015,.015,.015,.015,.016,.015,.016,.016,.016,.016,.016,.016,.016,.017
Kuwait,,.273,.246,.253,.255,.235,.247,.258,.222,.269,.191,.11,.181,.24,.253,.248,.241,.237,.239,.227,.227,.222,.222,.251,.263,.277,.283,.285,.283,.265,.245,.259,.275,.26,.236,.162,.152,.168,.167,.161,.152,.144,.152,.147,.148,.149,.148,.147,.146
Kyrgyz Republic,,,,,,,,,,,,,.027,.023,.018,.017,.017,.018,.018,.018,.018,.019,.018,.019,.019,.018,.018,.018,.019,.02,.019,.019,.02,.022,.023,.022,.024,.026,.026,.026,.025,.025,.025,.026,.026,.026,.026,.026,.027
Lao P.D.R.,.013,.015,.015,.015,.016,.016,.017,.016,.015,.016,.016,.016,.016,.016,.017,.018,.018,.019,.019,.019,.02,.02,.021,.021,.022,.022,.023,.023,.025,.026,.027,.028,.031,.033,.036,.037,.04,.041,.042,.043,.044,.042,.042,.042,.043,.043,.044,.044,.045
Latvia,,,,,,,,,,,,,.048,.042,.042,.039,.039,.041,.042,.042,.042,.044,.045,.047,.049,.052,.055,.057,.054,.046,.042,.041,.043,.043,.043,.044,.045,.045,.046,.046,.046,.045,.045,.044,.044,.044,.044,.044,.044
Lebanon,.123,.121,.076,.091,.126,.151,.136,.153,.105,.059,.049,.066,.062,.065,.068,.07,.07,.075,.075,.072,.07,.071,.071,.07,.071,.068,.066,.068,.072,.08,.082,.08,.081,.084,.086,.088,.089,.089,.084,.076,.058,.049,.048,,,,,,
Lesotho,.004,.004,.005,.005,.005,.005,.005,.005,.005,.005,.005,.005,.005,.005,.005,.005,.005,.005,.005,.005,.005,.005,.005,.005,.005,.005,.005,.005,.005,.005,.005,.005,.005,.005,.005,.006,.005,.005,.004,.004,.004,.004,.004,.004,.004,.004,.004,.004,.004
Liberia,,,,,,,,,,,,,,,,,,,,,.005,.005,.005,.004,.004,.004,.004,.004,.004,.004,.004,.004,.005,.005,.005,.005,.005,.006,.006,.005,.005,.005,.005,.006,.006,.006,.006,.006,.006
Libya,.73,.571,.578,.538,.473,.459,.393,.323,.333,.344,.343,.396,.341,.316,.317,.259,.253,.237,.229,.221,.22,.22,.206,.23,.231,.244,.233,.234,.227,.218,.218,.104,.171,.137,.116,.123,.118,.126,.131,.114,.083,.1,.087,.095,.1,.103,.104,.103,.103
Lithuania,,,,,,,,,,,,,,,,.064,.065,.068,.071,.068,.067,.07,.072,.077,.078,.08,.082,.086,.086,.074,.071,.072,.073,.075,.075,.075,.076,.078,.078,.08,.082,.082,.081,.079,.078,.078,.077,.077,.076
Luxembourg,.043,.043,.043,.043,.043,.044,.047,.047,.048,.051,.052,.055,.05,.052,.052,.051,.05,.051,.052,.055,.057,.057,.058,.057,.056,.055,.055,.057,.055,.053,.053,.051,.051,.052,.053,.055,.057,.056,.055,.055,.056,.057,.056,.054,.053,.053,.052,.052,.052
Macao SAR,,,,,,,,,,,,,,,,,,,,,,.03,.031,.034,.041,.042,.045,.049,.049,.05,.059,.069,.075,.084,.082,.063,.061,.064,.066,.063,.03,.033,.023,.04,.049,.055,.056,.056,.056
Madagascar,.066,.058,.057,.056,.055,.054,.053,.051,.051,.051,.051,.046,.042,.042,.041,.04,.04,.04,.04,.04,.04,.042,.036,.038,.038,.038,.038,.038,.039,.038,.036,.035,.034,.033,.033,.033,.034,.033,.033,.034,.032,.032,.032,.032,.033,.034,.034,.035,.035
Malawi,.025,.023,.023,.024,.024,.024,.023,.023,.022,.022,.022,.024,.02,.021,.019,.02,.022,.022,.022,.022,.021,.02,.019,.02,.02,.019,.019,.02,.021,.023,.023,.023,.022,.023,.023,.022,.022,.021,.021,.022,.023,.023,.022,.022,.022,.022,.022,.022,.023
Malaysia,.346,.362,.382,.397,.409,.392,.383,.389,.409,.431,.451,.483,.473,.51,.541,.574,.608,.627,.565,.58,.601,.59,.605,.615,.624,.625,.627,.633,.644,.637,.65,.658,.672,.663,.679,.67,.674,.677,.686,.697,.679,.66,.694,.701,.711,.719,.728,.734,.74
Maldives,.002,.002,.002,.002,.002,.003,.003,.003,.003,.003,.003,.003,.003,.003,.003,.003,.003,.004,.004,.004,.004,.004,.004,.005,.005,.004,.005,.005,.005,.005,.005,.005,.005,.006,.006,.007,.007,.007,.008,.008,.005,.007,.008,.008,.009,.009,.009,.009,.01
Mali,.029,.027,.024,.024,.023,.023,.024,.024,.023,.024,.025,.027,.024,.024,.024,.024,.025,.025,.025,.026,.025,.028,.028,.029,.028,.029,.028,.028,.028,.03,.03,.03,.028,.028,.03,.032,.034,.034,.034,.035,.036,.035,.035,.035,.036,.037,.037,.038,.039
Malta,.014,.014,.014,.014,.013,.013,.013,.013,.014,.014,.014,.015,.014,.015,.015,.015,.015,.016,.016,.016,.015,.014,.014,.014,.014,.013,.013,.013,.013,.013,.013,.013,.013,.013,.014,.015,.016,.017,.017,.018,.017,.018,.019,.019,.019,.019,.019,.019,.019
Marshall Islands,,,,,,,,,,,,,,,,,,0,0,0,0,0,0,0,0,0,0,0,0,0,0,0,0,0,0,0,0,0,0,0,0,0,0,0,0,0,0,0,0
Mauritania,,,,,,,,,,,.021,.02,.018,.019,.018,.019,.019,.018,.018,.018,.017,.016,.016,.016,.016,.017,.019,.017,.017,.017,.017,.017,.016,.017,.015,.015,.017,.018,.018,.019,.019,.018,.019,.019,.02,.02,.02,.021,.021
Mauritius,.015,.015,.016,.016,.016,.016,.017,.018,.019,.019,.019,.02,.019,.019,.02,.02,.02,.02,.021,.021,.022,.022,.022,.022,.022,.021,.021,.021,.021,.022,.022,.022,.021,.022,.022,.022,.023,.023,.023,.023,.02,.02,.021,.021,.021,.021,.021,.022,.022
Mexico,3.231,3.465,3.451,3.215,3.188,3.137,2.914,2.866,2.775,2.775,2.807,2.85,2.657,2.682,2.72,2.469,2.526,2.602,2.689,2.671,2.677,2.602,2.525,2.456,2.416,2.356,2.345,2.271,2.227,2.095,2.088,2.077,2.085,2.032,2.054,2.062,2.113,2.074,2.042,1.983,1.867,1.86,1.87,1.875,1.861,1.83,1.806,1.786,1.769
Micronesia,,,,,,,,,,,,,,,,.001,.001,0,0,0,0,0,0,0,0,0,0,0,0,0,0,0,0,0,0,0,0,0,0,0,0,0,0,0,0,0,0,0,0
Moldova,,,,,,,,,,,,,.039,.038,.026,.024,.022,.022,.02,.018,.018,.018,.019,.02,.02,.021,.021,.02,.021,.02,.02,.021,.021,.023,.023,.023,.026,.026,.026,.026,.025,.026,.024,.024,.024,.025,.025,.026,.026
Mongolia,.022,.023,.025,.026,.026,.027,.029,.029,.029,.029,.027,.024,.02,.019,.018,.019,.019,.019,.019,.019,.018,.018,.019,.019,.02,.021,.021,.022,.023,.022,.023,.026,.029,.029,.03,.029,.028,.029,.03,.031,.03,.029,.03,.03,.031,.031,.031,.031,.031
Montenegro,,,,,,,,,,,,,,,,,,,,,.01,.01,.01,.01,.009,.009,.01,.01,.01,.01,.009,.009,.009,.009,.009,.009,.01,.01,.01,.01,.009,.01,.01,.01,.01,.01,.01,.01,.01
Morocco,.236,.225,.245,.238,.238,.245,.256,.24,.254,.251,.251,.263,.23,.224,.242,.219,.239,.225,.237,.23,.223,.234,.235,.241,.239,.235,.241,.235,.242,.253,.249,.252,.243,.242,.226,.241,.236,.233,.232,.232,.222,.226,.222,.22,.222,.222,.222,.223,.223
Mozambique,.018,.019,.017,.014,.013,.012,.012,.013,.013,.014,.013,.014,.012,.013,.013,.013,.014,.015,.016,.017,.017,.018,.019,.02,.02,.021,.022,.022,.023,.025,.025,.026,.026,.026,.027,.031,.033,.03,.03,.03,.03,.029,.03,.031,.031,.032,.032,.035,.038
Myanmar,,,,,,,,,,,,,,,,,,,.073,.077,.082,.091,.097,.105,.115,.125,.135,.144,.15,.157,.157,.16,.171,.182,.191,.193,.184,.184,.189,.197,.209,.162,.159,.159,.159,.158,.157,.156,.157
Namibia,,,,,,,,,,,.02,.02,.02,.019,.019,.019,.019,.019,.019,.019,.019,.019,.02,.02,.02,.02,.02,.019,.019,.02,.02,.02,.02,.021,.022,.022,.021,.02,.019,.019,.018,.017,.018,.018,.018,.017,.017,.017,.017
Nauru,,,,,,,,,,,,,,,,,,,,,,,,,0,0,0,0,0,0,0,0,0,0,0,0,0,0,0,0,0,0,0,0,0,0,0,0,0
Nepal,.05,.053,.055,.052,.055,.056,.057,.056,.057,.058,.058,.06,.056,.057,.06,.06,.061,.062,.062,.063,.063,.065,.064,.064,.063,.062,.061,.06,.062,.065,.065,.064,.067,.069,.072,.072,.07,.08,.084,.087,.087,.086,.088,.086,.088,.09,.091,.093,.095
Netherlands,1.231,1.199,1.179,1.172,1.158,1.147,1.144,1.123,1.124,1.133,1.134,1.134,1.038,1.031,1.032,1.023,1.02,1.022,1.041,1.057,1.051,1.05,1.024,.986,.955,.93,.914,.9,.893,.864,.831,.812,.785,.782,.757,.761,.766,.774,.765,.759,.753,.752,.759,.742,.729,.718,.707,.697,.687
New Zealand,.213,.214,.22,.214,.219,.214,.211,.208,.2,.194,.187,.18,.163,.168,.173,.175,.175,.173,.169,.17,.169,.169,.173,.173,.173,.17,.166,.163,.158,.157,.151,.148,.143,.149,.152,.152,.159,.161,.161,.161,.164,.164,.163,.16,.157,.155,.154,.153,.152
Nicaragua,.046,.048,.047,.048,.045,.042,.04,.038,.032,.031,.029,.029,.026,.025,.026,.026,.027,.027,.027,.028,.028,.028,.028,.027,.027,.027,.027,.027,.027,.026,.026,.026,.026,.026,.028,.029,.031,.031,.029,.028,.028,.029,.029,.029,.029,.029,.029,.03,.03
Niger,.03,.03,.03,.028,.023,.024,.024,.023,.024,.023,.022,.021,.02,.019,.019,.019,.018,.018,.019,.018,.017,.018,.019,.018,.017,.018,.018,.018,.018,.019,.019,.019,.02,.02,.02,.02,.021,.021,.021,.022,.023,.022,.024,.024,.026,.027,.028,.029,.03
Nigeria,,,,,,,,,,,.628,.609,.561,.559,.544,.535,.536,.53,.529,.514,.517,.539,.601,.632,.663,.678,.687,.7,.728,.792,.837,.844,.829,.848,.885,.878,.837,.809,.796,.792,.802,.782,.782,.781,.783,.782,.781,.781,.781
North Macedonia ,,,,,,,,,,,,,.035,.031,.03,.029,.028,.027,.027,.028,.028,.026,.026,.025,.025,.025,.025,.025,.026,.026,.026,.025,.024,.025,.025,.026,.027,.027,.026,.027,.026,.026,.025,.025,.025,.025,.025,.026,.026
Norway,.454,.451,.45,.458,.465,.474,.477,.467,.446,.435,.426,.429,.4,.403,.412,.414,.418,.423,.423,.417,.411,.41,.404,.392,.388,.38,.37,.361,.353,.347,.332,.323,.327,.323,.311,.281,.267,.273,.266,.262,.267,.261,.261,.259,.256,.251,.247,.242,.239
Oman,.101,.115,.128,.145,.158,.175,.173,.16,.161,.16,.167,.173,.169,.176,.177,.179,.178,.181,.181,.176,.178,.182,.175,.165,.16,.157,.156,.155,.164,.175,.17,.168,.176,.171,.163,.136,.128,.127,.124,.119,.119,.115,.117,.115,.114,.114,.114,.114,.114
Pakistan,.566,.589,.631,.658,.656,.688,.708,.722,.735,.743,.747,.767,.743,.744,.754,.764,.785,.767,.773,.778,.772,.781,.779,.788,.806,.831,.834,.832,.844,.856,.831,.825,.832,.83,.838,.863,.869,.864,.885,.889,.908,.904,.928,.897,.894,.897,.909,.926,.943
Palau,,,,,,,,,,,,,,,,,,,,,0,0,0,0,0,0,0,0,0,0,0,0,0,0,0,0,0,0,0,0,0,0,0,0,0,0,0,0,0
Panama,.054,.058,.061,.057,.056,.056,.057,.053,.044,.043,.045,.048,.047,.049,.049,.048,.049,.05,.053,.053,.052,.051,.051,.051,.052,.053,.055,.058,.062,.063,.063,.068,.072,.078,.084,.093,.1,.106,.106,.107,.09,.099,.106,.109,.11,.111,.112,.113,.114
Papua New Guinea,.024,.023,.024,.024,.023,.023,.023,.023,.023,.021,.02,.021,.022,.024,.026,.024,.025,.022,.023,.023,.021,.02,.02,.021,.02,.02,.019,.02,.019,.02,.021,.021,.021,.021,.024,.025,.026,.026,.025,.025,.025,.024,.024,.024,.024,.024,.024,.024,.024
Paraguay,.083,.089,.087,.083,.081,.082,.079,.079,.08,.082,.082,.083,.076,.078,.08,.082,.081,.081,.079,.075,.07,.068,.066,.066,.065,.064,.063,.063,.066,.066,.069,.069,.064,.068,.069,.069,.07,.071,.07,.068,.07,.068,.066,.067,.068,.068,.068,.069,.069
Peru,.402,.415,.413,.365,.363,.358,.388,.403,.349,.292,.266,.266,.238,.246,.268,.278,.275,.281,.273,.268,.262,.258,.264,.265,.264,.268,.273,.282,.298,.303,.312,.319,.316,.32,.319,.319,.326,.328,.33,.328,.301,.321,.319,.314,.313,.313,.313,.312,.312
Philippines,.687,.695,.718,.715,.634,.568,.568,.571,.583,.597,.591,.575,.52,.521,.528,.533,.544,.55,.532,.532,.53,.533,.538,.543,.55,.551,.551,.557,.564,.575,.586,.585,.607,.618,.638,.655,.687,.697,.716,.74,.69,.687,.715,.732,.753,.774,.797,.822,.849
Poland,1.277,1.125,1.067,1.1,1.05,1.053,1.054,1.039,1.027,1.028,.917,.833,.765,.783,.8,.824,.843,.868,.887,.896,.891,.881,.869,.865,.862,.852,.859,.873,.883,.912,.891,.9,.89,.874,.877,.91,.919,.932,.953,.969,.979,.985,1.003,.98,.974,.976,.977,.977,.978
Portugal,.442,.448,.456,.449,.426,.418,.418,.433,.436,.449,.466,.47,.436,.425,.419,.414,.412,.414,.422,.424,.42,.418,.41,.39,.377,.363,.35,.341,.332,.323,.312,.295,.276,.276,.272,.274,.281,.278,.276,.276,.261,.259,.268,.266,.262,.26,.257,.254,.251
Puerto Rico,.166,.164,.158,.155,.16,.157,.164,.166,.169,.172,.171,.171,.161,.165,.167,.169,.166,.168,.174,.175,.173,.185,.184,.18,.175,.164,.153,.144,.137,.135,.128,.122,.117,.113,.108,.105,.101,.093,.086,.085,.084,.079,.078,.076,.073,.071,.069,.068,.067
Qatar,.155,.146,.134,.124,.137,.115,.116,.112,.113,.114,.094,.09,.09,.087,.086,.084,.084,.103,.111,.111,.113,.116,.12,.12,.136,.14,.17,.191,.218,.248,.277,.296,.308,.305,.289,.213,.19,.204,.2,.196,.194,.186,.189,.188,.186,.187,.188,.194,.193
Romania,.852,.835,.864,.895,.908,.876,.868,.843,.802,.729,.662,.562,.462,.46,.465,.48,.481,.434,.402,.384,.377,.387,.398,.391,.41,.41,.421,.428,.455,.431,.393,.396,.394,.372,.374,.383,.405,.433,.444,.449,.445,.444,.45,.447,.451,.453,.456,.46,.463
Russian Federation,,,,,,,,,,,,,4.859,4.352,3.691,3.415,3.171,3.09,2.847,2.927,3.074,3.154,3.214,3.316,3.375,3.428,3.522,3.628,3.708,3.433,3.406,3.403,3.451,3.537,3.43,3.148,3.042,3.118,3.095,3.079,3.091,3.072,2.911,2.893,2.841,2.78,2.72,2.663,2.609
Rwanda,.016,.016,.015,.016,.017,.017,.018,.017,.016,.015,.014,.013,.013,.011,.006,.008,.008,.009,.01,.01,.01,.01,.012,.011,.012,.012,.013,.013,.014,.015,.015,.016,.016,.016,.017,.018,.019,.019,.02,.022,.021,.022,.023,.024,.025,.026,.027,.028,.029
Saint Kitts and Nevis,.001,.001,.001,.001,.001,.001,.001,.001,.001,.001,.001,.001,.001,.001,.001,.001,.001,.001,.001,.001,.001,.001,.001,.001,.001,.001,.001,.001,.001,.001,.001,.001,.001,.001,.001,.001,.001,.001,.001,.001,.001,.001,.001,.001,.001,.001,.001,.001,.001
Saint Lucia,.002,.002,.002,.002,.002,.003,.003,.003,.003,.003,.003,.003,.003,.003,.003,.003,.003,.003,.003,.003,.003,.003,.003,.003,.003,.003,.003,.003,.003,.003,.002,.002,.002,.002,.002,.002,.002,.002,.002,.002,.002,.002,.002,.002,.002,.002,.002,.002,.002
Saint Vincent and the Grenadines,.001,.001,.001,.001,.002,.002,.002,.001,.002,.002,.002,.002,.002,.002,.002,.002,.002,.002,.002,.002,.001,.001,.002,.002,.002,.001,.001,.001,.001,.001,.001,.001,.001,.001,.001,.001,.001,.001,.001,.001,.001,.001,.001,.001,.001,.001,.001,.001,.001
Samoa,.001,.001,.001,.001,.001,.001,.001,.001,.001,.001,.001,.001,.001,.001,.001,.001,.001,.001,.001,.001,.001,.001,.001,.001,.001,.001,.001,.001,.001,.001,.001,.001,.001,.001,.001,.001,.001,.001,.001,.001,.001,.001,.001,.001,.001,.001,.001,.001,.001
San Marino,,,,,,,,,,,,,,,,,,.003,.003,.003,.003,.003,.003,.003,.003,.003,.003,.003,.003,.002,.002,.002,.002,.002,.002,.002,.002,.002,.002,.002,.002,.002,.002,.002,.002,.002,.002,.002,.002
Saudi Arabia,3.116,3.109,2.456,2.014,1.839,1.602,1.812,1.63,1.765,1.694,1.876,2.106,1.972,1.908,1.864,1.802,1.782,1.731,1.733,1.613,1.625,1.568,1.482,1.585,1.625,1.638,1.599,1.546,1.595,1.569,1.564,1.67,1.671,1.603,1.591,1.409,1.31,1.328,1.317,1.293,1.275,1.247,1.313,1.285,1.299,1.312,1.313,1.316,1.316
Senegal,.045,.046,.05,.046,.046,.046,.045,.046,.044,.044,.042,.042,.039,.038,.037,.038,.037,.037,.038,.039,.039,.039,.038,.039,.039,.039,.037,.037,.037,.038,.037,.036,.036,.036,.037,.039,.04,.04,.041,.042,.044,.044,.044,.045,.048,.051,.052,.053,.054
Serbia,,,,,,,,,,,,,,,,,,.109,.109,.096,.097,.101,.105,.105,.109,.109,.109,.11,.113,.111,.106,.104,.099,.099,.095,.095,.096,.095,.096,.098,.1,.101,.1,.099,.099,.1,.101,.102,.103
Seychelles,.002,.002,.002,.002,.002,.002,.002,.002,.002,.002,.002,.002,.002,.002,.002,.002,.002,.002,.002,.002,.002,.002,.002,.002,.002,.002,.002,.002,.002,.002,.002,.002,.002,.002,.002,.002,.002,.002,.002,.002,.002,.002,.002,.002,.002,.002,.002,.002,.002
Sierra Leone,.021,.021,.021,.02,.02,.018,.017,.017,.016,.017,.016,.015,.012,.012,.012,.01,.007,.006,.006,.005,.005,.006,.007,.007,.008,.007,.007,.008,.008,.008,.008,.008,.009,.011,.011,.01,.011,.01,.01,.01,.01,.01,.01,.01,.01,.011,.011,.011,.011
Singapore,.171,.185,.198,.21,.218,.21,.205,.219,.233,.248,.262,.273,.262,.286,.309,.32,.331,.344,.328,.335,.349,.337,.34,.342,.357,.366,.379,.392,.388,.39,.424,.433,.432,.424,.421,.43,.431,.437,.437,.431,.427,.438,.439,.431,.428,.425,.422,.42,.417
Slovak Republic,,,,,,,,,,,,,,.126,.13,.136,.14,.14,.142,.137,.133,.134,.136,.138,.138,.14,.145,.152,.156,.148,.15,.148,.145,.143,.143,.146,.139,.138,.138,.138,.137,.136,.133,.131,.131,.13,.13,.129,.129
Slovenia,,,,,,,,,,,,,.067,.068,.069,.069,.069,.07,.07,.072,.071,.071,.072,.071,.07,.07,.07,.071,.072,.066,.064,.062,.059,.058,.058,.058,.06,.062,.062,.063,.062,.063,.063,.062,.062,.061,.061,.061,.061
Solomon Islands,.002,.002,.002,.002,.002,.001,.001,.001,.001,.001,.001,.001,.001,.001,.002,.002,.002,.002,.002,.001,.001,.001,.001,.001,.001,.001,.001,.001,.001,.001,.001,.001,.001,.001,.001,.001,.001,.001,.001,.001,.001,.001,.001,.001,.001,.001,.001,.001,.001
Somalia,,,,,,,,,,,,,,,,,,,,,,,,,,,,,,,,.02,.014,.013,.015,.017,.019,.019,.019,.019,.019,.019,.018,.018,.018,.019,.019,.019,.019
South Africa,1.109,1.143,1.135,1.088,1.095,1.045,1.01,.994,.991,.979,.938,.907,.799,.793,.795,.791,.795,.784,.767,.759,.754,.757,.763,.755,.75,.754,.756,.756,.758,.749,.733,.727,.692,.69,.676,.678,.664,.645,.633,.617,.599,.59,.582,.571,.565,.556,.546,.537,.529
South Sudan,,,,,,,,,,,,,,,,,,,,,,,,,,,,,,,,.034,.014,.017,.016,.015,.009,.005,.004,.004,.004,.004,.004,.004,.004,.004,.004,.004,.005
Spain,2.197,2.142,2.16,2.145,2.09,2.065,2.065,2.104,2.119,2.147,2.143,2.145,1.948,1.886,1.875,1.883,1.858,1.855,1.886,1.909,1.914,1.942,1.941,1.921,1.882,1.863,1.842,1.81,1.774,1.714,1.63,1.555,1.471,1.43,1.421,1.448,1.491,1.506,1.488,1.477,1.353,1.355,1.387,1.381,1.364,1.349,1.332,1.314,1.296
Sri Lanka,.126,.13,.136,.138,.141,.143,.144,.141,.138,.136,.139,.151,.131,.138,.145,.149,.161,.17,.163,.162,.168,.16,.162,.165,.165,.168,.171,.174,.179,.186,.19,.199,.215,.219,.222,.229,.238,.238,.235,.228,.224,.219,.195,,,,,,
Sudan,.151,.157,.163,.156,.141,.136,.144,.148,.148,.144,.14,.146,.139,.14,.141,.148,.15,.153,.161,.163,.168,.182,.188,.192,.191,.193,.195,.196,.198,.193,.19,.177,.137,.135,.153,.152,.19,.157,.148,.14,.139,.132,.124,.099,.096,.1,.101,.103,.104
Suriname,.016,.016,.015,.014,.013,.013,.012,.01,.011,.011,.01,.009,.008,.008,.007,.008,.008,.008,.008,.008,.008,.008,.008,.008,.008,.008,.008,.008,.008,.009,.009,.009,.009,.009,.009,.009,.007,.009,.009,.008,.007,.007,.007,.007,.007,.007,.007,.007,.007
Sweden,.654,.669,.676,.674,.673,.665,.662,.659,.646,.64,.62,.599,.534,.514,.519,.521,.509,.505,.512,.516,.516,.511,.508,.5,.495,.486,.484,.475,.459,.441,.443,.44,.429,.42,.417,.43,.43,.433,.426,.423,.427,.426,.424,.41,.401,.397,.393,.389,.386
Switzerland,.851,.847,.832,.818,.807,.809,.796,.779,.77,.776,.773,.748,.672,.659,.648,.629,.609,.598,.599,.588,.585,.58,.564,.542,.527,.518,.512,.505,.504,.494,.484,.475,.471,.472,.473,.483,.485,.474,.471,.463,.467,.463,.46,.451,.446,.438,.432,.424,.419
Syria,.141,.15,.153,.152,.136,.141,.13,.127,.137,.124,.131,.142,.145,.153,.156,.159,.158,.15,.154,.144,.141,.143,.147,.138,.141,.143,.142,.143,.145,.154,.151,,,,,,,,,,,,,,,,,,
São Tomé and Príncipe,.001,.001,.001,.001,.001,.001,.001,.001,.001,.001,.001,.001,.001,.001,.001,.001,.001,.001,.001,.001,.001,.001,.001,.001,.001,.001,.001,.001,.001,.001,.001,.001,.001,.001,.001,.001,.001,.001,.001,.001,.001,.001,.001,.001,.001,.001,.001,.001,.001
Taiwan Province of China,.459,.482,.503,.536,.565,.571,.616,.669,.692,.726,.736,.779,.759,.796,.831,.854,.873,.89,.903,.931,.945,.91,.933,.935,.95,.956,.96,.974,.953,.942,.986,.983,.965,.96,.971,.984,.957,.933,.926,.929,.991,.993,.984,.964,.965,.961,.956,.95,.942
Tajikistan,,,,,,,,,,,,,.024,.021,.016,.014,.013,.012,.013,.013,.013,.014,.015,.016,.017,.017,.017,.018,.018,.019,.019,.02,.021,.023,.025,.023,.023,.024,.025,.026,.028,.028,.03,.031,.031,.032,.032,.033,.033
Tanzania,.078,.077,.077,.077,.076,.077,.079,.081,.081,.081,.083,.083,.075,.075,.074,.074,.074,.074,.074,.075,.076,.078,.082,.084,.086,.088,.087,.09,.092,.098,.099,.102,.095,.098,.099,.105,.11,.11,.113,.118,.127,.126,.127,.13,.134,.138,.143,.149,.154
Thailand,.557,.578,.606,.625,.633,.64,.653,.689,.747,.809,.868,.918,.903,.963,1.01,1.054,1.072,1.002,.901,.911,.908,.917,.947,.975,.985,.98,.977,.977,.965,.963,.983,.953,1,.992,.965,.971,.985,.985,.991,.985,.954,.911,.905,.903,.906,.905,.903,.902,.902
Timor-Leste,,,,,,,,,,,,,,,,,,,,,.002,.002,.002,.002,.002,.002,.002,.002,.002,.002,.002,.002,.003,.003,.003,.003,.003,.003,.003,.004,.005,.005,.006,.003,.003,.003,.003,.003,.003
Togo,.021,.02,.019,.017,.018,.018,.018,.017,.017,.018,.018,.017,.015,.012,.014,.016,.015,.015,.014,.014,.013,.013,.013,.013,.013,.011,.011,.011,.011,.011,.011,.012,.012,.012,.012,.013,.013,.013,.013,.013,.014,.014,.014,.014,.015,.015,.015,.016,.016
Tonga,0,.001,.001,.001,.001,.001,.001,.001,.001,.001,.001,.001,.001,.001,.001,.001,.001,.001,.001,.001,.001,.001,.001,.001,.001,.001,.001,.001,.001,0,0,0,0,0,0,0,0,0,0,0,0,0,0,0,0,0,0,0,0
Trinidad and Tobago,.056,.058,.06,.052,.047,.044,.041,.038,.035,.033,.032,.033,.032,.031,.032,.032,.033,.034,.036,.037,.038,.038,.04,.044,.045,.045,.049,.048,.048,.046,.046,.044,.042,.04,.039,.036,.032,.031,.03,.029,.027,.026,.025,.025,.025,.025,.024,.024,.024
Tunisia,.108,.111,.111,.113,.114,.117,.111,.114,.11,.108,.112,.113,.11,.111,.112,.111,.114,.116,.118,.121,.121,.122,.12,.121,.122,.121,.121,.122,.124,.128,.126,.119,.115,.111,.111,.108,.107,.105,.104,.103,.097,.095,.094,.093,.092,.091,.091,.09,.09
Turkmenistan,,,,,,,,,,,,,.052,.046,.037,.033,.029,.025,.026,.029,.033,.039,.044,.05,.054,.058,.061,.065,.072,.077,.085,.092,.089,.085,.086,.084,.078,.082,.08,.075,.075,.074,.072,.072,.072,.071,.07,.069,.068
Tuvalu,,,,,,,,,,,,,,,,,,,,,0,0,0,0,0,0,0,0,0,0,0,0,0,0,0,0,0,0,0,0,0,0,0,0,0,0,0,0,0
Türkiye,1.188,1.213,1.25,1.28,1.309,1.318,1.363,1.445,1.412,1.365,1.434,1.413,1.348,1.429,1.313,1.358,1.399,1.446,1.451,1.357,1.384,1.274,1.319,1.341,1.399,1.455,1.478,1.473,1.443,1.379,1.419,1.518,1.537,1.61,1.695,1.806,1.819,1.864,1.854,1.819,1.911,2.004,2.046,2.067,2.069,2.069,2.07,2.072,2.076
Uganda,.044,.045,.048,.05,.046,.043,.042,.042,.044,.045,.046,.046,.044,.046,.048,.05,.052,.052,.054,.056,.055,.059,.061,.062,.063,.066,.067,.069,.074,.08,.082,.085,.077,.076,.077,.077,.074,.073,.075,.078,.08,.079,.082,.083,.085,.089,.092,.095,.098
Ukraine,,,,,,,,,,,,,.993,.836,.626,.53,.46,.429,.409,.395,.399,.424,.434,.457,.485,.478,.488,.501,.497,.424,.419,.425,.422,.46,.421,.389,.409,.412,.411,.413,.41,.399,.274,.272,.272,.281,.286,.289,.291
United Arab Emirates,.666,.705,.652,.603,.603,.568,.443,.45,.419,.468,.556,.554,.515,.506,.529,.544,.552,.576,.566,.568,.608,.602,.6,.628,.653,.654,.682,.668,.67,.637,.637,.651,.643,.628,.635,.555,.532,.527,.516,.507,.497,.488,.51,.512,.518,.523,.528,.534,.542
United Kingdom,4.026,3.904,3.956,4.013,3.917,3.923,3.891,3.944,3.97,3.913,3.785,3.633,3.272,3.277,3.295,3.246,3.186,3.201,3.213,3.2,3.178,3.17,3.139,3.111,3.024,2.965,2.877,2.8,2.715,2.603,2.532,2.461,2.421,2.423,2.43,2.477,2.496,2.496,2.451,2.424,2.224,2.252,2.268,2.215,2.166,2.141,2.118,2.091,2.061
United States,21.32,21.397,2.936,21.39,21.97,22.098,22.105,22.036,21.966,21.97,21.518,2.985,19.559,19.716,19.925,19.741,19.73,19.807,2.138,2.402,2.261,19.972,19.758,19.52,19.258,19.028,18.577,17.98,17.483,17.101,16.675,16.286,16.115,15.92,15.993,16.254,16.073,15.903,15.809,15.742,15.781,15.735,15.541,15.418,15.204,15.004,14.843,14.7,14.569
Uruguay,.111,.11,.1,.092,.087,.084,.087,.089,.085,.083,.08,.081,.079,.08,.083,.079,.08,.081,.083,.078,.073,.069,.062,.06,.06,.061,.061,.061,.064,.067,.068,.069,.066,.067,.068,.067,.066,.065,.063,.062,.06,.059,.06,.059,.059,.059,.059,.058,.058
Uzbekistan,,,,,,,,,,,,,.153,.147,.135,.129,.127,.128,.13,.131,.13,.132,.134,.134,.137,.14,.143,.148,.157,.17,.173,.179,.179,.18,.182,.187,.186,.181,.185,.191,.201,.203,.207,.213,.218,.223,.228,.233,.239
Vanuatu,.001,.001,.001,.001,.001,.001,.001,.001,.001,.001,.001,.001,.001,.001,.001,.001,.001,.001,.001,.001,.001,.001,.001,.001,.001,.001,.001,.001,.001,.001,.001,.001,.001,.001,.001,.001,.001,.001,.001,.001,.001,.001,.001,.001,.001,.001,.001,.001,.001
Venezuela,.887,.857,.876,.772,.778,.757,.777,.784,.799,.664,.679,.728,.695,.684,.649,.651,.625,.639,.624,.567,.561,.567,.502,.445,.5,.527,.55,.568,.58,.564,.528,.529,.54,.531,.501,.465,.375,.306,.238,.167,.121,.115,.12,.121,.123,,,,
Vietnam,.218,.225,.243,.254,.264,.269,.269,.266,.267,.278,.28,.29,.284,.301,.318,.336,.354,.368,.378,.383,.391,.408,.425,.438,.449,.461,.468,.476,.488,.517,.522,.534,.564,.574,.602,.625,.663,.695,.721,.754,.799,.771,.806,.821,.844,.874,.906,.938,.973
West Bank and Gaza,,,,,,,,,,,,,,,.014,.014,.014,.015,.017,.018,.015,.014,.012,.013,.015,.016,.015,.014,.015,.016,.016,.017,.02,.02,.021,.023,.024,.023,.023,.022,.021,.021,.021,.021,.021,.021,.02,.02,.02
Yemen,,,,,,,,,,,.087,.091,.088,.09,.093,.095,.096,.097,.1,.1,.102,.103,.104,.104,.103,.104,.101,.099,.1,.104,.107,.09,.085,.088,.086,.061,.054,.05,.048,.048,.045,.042,.041,.04,.04,.041,.042,.044,.045
Zambia,.058,.061,.059,.057,.053,.052,.051,.05,.053,.049,.047,.045,.042,.041,.034,.034,.035,.035,.034,.034,.034,.035,.035,.036,.037,.038,.039,.04,.042,.046,.048,.049,.049,.05,.05,.049,.048,.048,.048,.048,.048,.047,.048,.048,.049,.049,.05,.051,.052
Zimbabwe,,,,,,,,,,,,,,,,,,,.064,.061,.056,.054,.049,.039,.035,.031,.028,.026,.021,.023,.026,.028,.031,.032,.032,.033,.033,.027,.028,.025,.024,.024,.025,.025,.026,.026,.026,.026,.026